{
    "camera_left": {
        "camera_info": {
            "width": 1920,
            "height": 1080,
            "K": [
                1386.4139404296875,
                0.0,
                960.0,
                0.0,
                1386.4139404296875,
                540.0,
                0.0,
                0.0,
                1.0
            ],
            "rotation": [
                -0.8175636403324129,
                -0.22152304860223487,
                0.13900667470857325,
                -0.5130247336443439
            ],
            "translation": [
                0.2718435369104631,
                0.9383509060947027,
                2.2110018479968034
            ]
        },
        "detections": {
            "cabinet": [],
            "apple": [
                903,
                540,
                966,
                607
            ],
            "footed_bowl": [
                1053,
                368,
                1267,
                521
            ],
            "cabinet.drawer0": [],
            "cabinet.drawer1": [],
            "cabinet.drawer2": [],
            "cabinet.drawer3": [
                24,
                419,
                787,
                996
            ],
            "cabinet.handle_0": [
                404,
                108,
                644,
                168
            ],
            "cabinet.handle_1": [
                442,
                301,
                663,
                390
            ],
            "cabinet.handle_2": [
                472,
                462,
                678,
                570
            ],
            "cabinet.handle_3": []
        }
    },
    "camera_right": {
        "camera_info": {
            "width": 1920,
            "height": 1080,
            "K": [
                1386.4139404296875,
                0.0,
                960.0,
                0.0,
                1386.4139404296875,
                540.0,
                0.0,
                0.0,
                1.0
            ],
            "rotation": [
                -0.2215230486022347,
                -0.8175636403324128,
                0.5130247336443439,
                -0.13900667470857306
            ],
            "translation": [
                -0.2068435369104618,
                0.9383509060947031,
                2.2110018479968034
            ]
        },
        "detections": {
            "cabinet": [],
            "apple": [
                840,
                423,
                892,
                476
            ],
            "footed_bowl": [
                846,
                477,
                1119,
                686
            ],
            "cabinet.drawer0": [],
            "cabinet.drawer1": [],
            "cabinet.drawer2": [],
            "cabinet.drawer3": [],
            "cabinet.handle_0": [
                1312,
                107,
                1556,
                167
            ],
            "cabinet.handle_1": [
                1291,
                300,
                1516,
                388
            ],
            "cabinet.handle_2": [
                1274,
                460,
                1483,
                567
            ],
            "cabinet.handle_3": []
        }
    },
    "camera_top": {
        "camera_info": {
            "width": 1920,
            "height": 1080,
            "K": [
                1386.4139404296875,
                0.0,
                960.0,
                0.0,
                1386.4139404296875,
                540.0,
                0.0,
                0.0,
                1.0
            ],
            "rotation": [
                -0.7071067251362828,
                0.7071067251362828,
                -0.0002815440309169026,
                -0.00028154403091701363
            ],
            "translation": [
                0.0325000000000005,
                -0.48479233064942356,
                3.389797085323605
            ]
        },
        "detections": {
            "cabinet": [
                545,
                755,
                1433,
                1696
            ],
            "apple": [
                1097,
                361,
                1133,
                398
            ],
            "footed_bowl": [],
            "cabinet.drawer0": [
                554,
                886,
                1423,
                1543
            ],
            "cabinet.drawer1": [],
            "cabinet.drawer2": [],
            "cabinet.drawer3": [],
            "cabinet.handle_0": [],
            "cabinet.handle_1": [
                857,
                861,
                1109,
                904
            ],
            "cabinet.handle_2": [],
            "cabinet.handle_3": []
        }
    }
}