{
    "camera_left": {
        "camera_info": {
            "width": 1920,
            "height": 1080,
            "K": [
                1386.4139404296875,
                0.0,
                960.0,
                0.0,
                1386.4139404296875,
                540.0,
                0.0,
                0.0,
                1.0
            ],
            "rotation": [
                -0.8175636403324129,
                -0.22152304860223487,
                0.13900667470857325,
                -0.5130247336443439
            ],
            "translation": [
                0.2718435369104631,
                0.9383509060947027,
                2.2110018479968034
            ]
        },
        "detections": {
            "cabinet": [],
            "apple": [
                841,
                522,
                936,
                606
            ],
            "banana": [
                932,
                389,
                1111,
                476
            ],
            "white_ceramic_plate": [
                1083,
                424,
                1346,
                562
            ],
            "white_and_pink_box": [],
            "brown_box": [
                1131,
                380,
                1174,
                430
            ],
            "brown_medication_bottle": [
                1097,
                648,
                1165,
                749
            ],
            "bleach_cleanser": [
                1067,
                424,
                1164,
                611
            ],
            "red_plastic_bowl": [
                824,
                564,
                1084,
                761
            ],
            "mustard_bottle": [
                1315,
                385,
                1474,
                514
            ],
            "cabinet.drawer0": [],
            "cabinet.drawer1": [],
            "cabinet.drawer2": [],
            "cabinet.drawer3": [],
            "cabinet.handle_0": [
                355,
                103,
                597,
                161
            ],
            "cabinet.handle_1": [
                395,
                293,
                618,
                379
            ],
            "cabinet.handle_2": [
                428,
                451,
                635,
                555
            ],
            "cabinet.handle_3": []
        }
    },
    "camera_right": {
        "camera_info": {
            "width": 1920,
            "height": 1080,
            "K": [
                1386.4139404296875,
                0.0,
                960.0,
                0.0,
                1386.4139404296875,
                540.0,
                0.0,
                0.0,
                1.0
            ],
            "rotation": [
                -0.2215230486022347,
                -0.8175636403324128,
                0.5130247336443439,
                -0.13900667470857306
            ],
            "translation": [
                -0.2068435369104618,
                0.9383509060947031,
                2.2110018479968034
            ]
        },
        "detections": {
            "cabinet": [],
            "apple": [
                860,
                406,
                936,
                471
            ],
            "banana": [
                1033,
                503,
                1262,
                628
            ],
            "white_ceramic_plate": [
                727,
                523,
                1050,
                713
            ],
            "white_and_pink_box": [
                936,
                342,
                977,
                409
            ],
            "brown_box": [
                1110,
                606,
                1177,
                684
            ],
            "brown_medication_bottle": [
                589,
                415,
                638,
                482
            ],
            "bleach_cleanser": [
                733,
                368,
                822,
                535
            ],
            "red_plastic_bowl": [
                648,
                367,
                825,
                481
            ],
            "mustard_bottle": [
                713,
                639,
                969,
                885
            ],
            "cabinet.drawer0": [],
            "cabinet.drawer1": [],
            "cabinet.drawer2": [],
            "cabinet.drawer3": [],
            "cabinet.handle_0": [
                1358,
                102,
                1604,
                160
            ],
            "cabinet.handle_1": [
                1335,
                292,
                1561,
                377
            ],
            "cabinet.handle_2": [
                1316,
                449,
                1527,
                553
            ],
            "cabinet.handle_3": []
        }
    },
    "camera_top": {
        "camera_info": {
            "width": 1920,
            "height": 1080,
            "K": [
                1386.4139404296875,
                0.0,
                960.0,
                0.0,
                1386.4139404296875,
                540.0,
                0.0,
                0.0,
                1.0
            ],
            "rotation": [
                -0.7071067251362828,
                0.7071067251362828,
                -0.0002815440309169026,
                -0.00028154403091701363
            ],
            "translation": [
                0.0325000000000005,
                -0.48479233064942356,
                3.389797085323605
            ]
        },
        "detections": {
            "cabinet": [
                545,
                796,
                1433,
                1774
            ],
            "apple": [
                1095,
                388,
                1148,
                440
            ],
            "banana": [
                769,
                400,
                882,
                525
            ],
            "white_ceramic_plate": [],
            "white_and_pink_box": [
                1198,
                514,
                1238,
                543
            ],
            "brown_box": [
                703,
                363,
                738,
                397
            ],
            "brown_medication_bottle": [
                1191,
                164,
                1228,
                204
            ],
            "bleach_cleanser": [],
            "red_plastic_bowl": [
                1155,
                236,
                1283,
                363
            ],
            "mustard_bottle": [
                639,
                100,
                777,
                212
            ],
            "cabinet.drawer0": [
                554,
                952,
                1423,
                1621
            ],
            "cabinet.drawer1": [],
            "cabinet.drawer2": [],
            "cabinet.drawer3": [],
            "cabinet.handle_0": [
                840,
                984,
                1133,
                1036
            ],
            "cabinet.handle_1": [],
            "cabinet.handle_2": [],
            "cabinet.handle_3": []
        }
    }
}