{
    "camera_left": {
        "camera_info": {
            "width": 1920,
            "height": 1080,
            "K": [
                1386.4139404296875,
                0.0,
                960.0,
                0.0,
                1386.4139404296875,
                540.0,
                0.0,
                0.0,
                1.0
            ],
            "rotation": [
                -0.8175636403324129,
                -0.22152304860223487,
                0.13900667470857325,
                -0.5130247336443439
            ],
            "translation": [
                0.2718435369104631,
                0.9383509060947027,
                2.2110018479968034
            ]
        },
        "detections": {
            "cabinet": [],
            "fry_pan": [
                1229,
                552,
                1537,
                821
            ],
            "green_plant_plate": [
                750,
                546,
                1013,
                700
            ],
            "maroon_box": [
                1188,
                397,
                1263,
                484
            ],
            "white_and_red_box": [
                1100,
                380,
                1159,
                449
            ],
            "toy_bus": [
                1085,
                439,
                1205,
                527
            ],
            "dog_figure": [
                1080,
                505,
                1172,
                596
            ],
            "apple": [
                822,
                547,
                921,
                648
            ],
            "banana": [
                1085,
                554,
                1275,
                687
            ],
            "lemon": [],
            "orange": [
                1074,
                646,
                1180,
                763
            ],
            "pudding_box": [
                1345,
                417,
                1506,
                507
            ],
            "basket_with_fabric_liner": [
                1146,
                315,
                1343,
                466
            ],
            "cabinet.drawer0": [],
            "cabinet.drawer1": [],
            "cabinet.drawer2": [],
            "cabinet.drawer3": [
                24,
                419,
                787,
                996
            ],
            "cabinet.handle_0": [
                404,
                108,
                644,
                168
            ],
            "cabinet.handle_1": [
                442,
                301,
                663,
                390
            ],
            "cabinet.handle_2": [
                472,
                462,
                678,
                570
            ],
            "cabinet.handle_3": []
        }
    },
    "camera_right": {
        "camera_info": {
            "width": 1920,
            "height": 1080,
            "K": [
                1386.4139404296875,
                0.0,
                960.0,
                0.0,
                1386.4139404296875,
                540.0,
                0.0,
                0.0,
                1.0
            ],
            "rotation": [
                -0.2215230486022347,
                -0.8175636403324128,
                0.5130247336443439,
                -0.13900667470857306
            ],
            "translation": [
                -0.2068435369104618,
                0.9383509060947031,
                2.2110018479968034
            ]
        },
        "detections": {
            "cabinet": [],
            "fry_pan": [
                382,
                454,
                640,
                654
            ],
            "green_plant_plate": [
                742,
                389,
                934,
                482
            ],
            "maroon_box": [],
            "white_and_red_box": [],
            "toy_bus": [
                858,
                515,
                998,
                624
            ],
            "dog_figure": [
                755,
                467,
                841,
                551
            ],
            "apple": [
                806,
                380,
                878,
                450
            ],
            "banana": [
                611,
                463,
                772,
                566
            ],
            "lemon": [],
            "orange": [
                576,
                413,
                650,
                486
            ],
            "pudding_box": [
                666,
                686,
                921,
                873
            ],
            "basket_with_fabric_liner": [
                911,
                531,
                1207,
                793
            ],
            "cabinet.drawer0": [],
            "cabinet.drawer1": [],
            "cabinet.drawer2": [],
            "cabinet.drawer3": [],
            "cabinet.handle_0": [
                1312,
                107,
                1556,
                167
            ],
            "cabinet.handle_1": [
                1291,
                300,
                1516,
                388
            ],
            "cabinet.handle_2": [
                1274,
                460,
                1483,
                567
            ],
            "cabinet.handle_3": []
        }
    },
    "camera_top": {
        "camera_info": {
            "width": 1920,
            "height": 1080,
            "K": [
                1386.4139404296875,
                0.0,
                960.0,
                0.0,
                1386.4139404296875,
                540.0,
                0.0,
                0.0,
                1.0
            ],
            "rotation": [
                -0.7071067251362828,
                0.7071067251362828,
                -0.0002815440309169026,
                -0.00028154403091701363
            ],
            "translation": [
                0.0325000000000005,
                -0.48479233064942356,
                3.389797085323605
            ]
        },
        "detections": {
            "cabinet": [
                545,
                755,
                1433,
                1696
            ],
            "fry_pan": [],
            "green_plant_plate": [
                1111,
                316,
                1243,
                447
            ],
            "maroon_box": [
                767,
                251,
                820,
                307
            ],
            "white_and_red_box": [
                745,
                360,
                791,
                404
            ],
            "toy_bus": [],
            "dog_figure": [],
            "apple": [
                1155,
                362,
                1210,
                414
            ],
            "banana": [],
            "lemon": [],
            "orange": [
                1186,
                157,
                1239,
                214
            ],
            "pudding_box": [
                659,
                74,
                768,
                188
            ],
            "basket_with_fabric_liner": [
                638,
                212,
                755,
                374
            ],
            "cabinet.drawer0": [
                554,
                886,
                1423,
                1543
            ],
            "cabinet.drawer1": [],
            "cabinet.drawer2": [],
            "cabinet.drawer3": [],
            "cabinet.handle_0": [],
            "cabinet.handle_1": [
                857,
                861,
                1109,
                904
            ],
            "cabinet.handle_2": [],
            "cabinet.handle_3": []
        }
    }
}